ID,Карточка (как звучит),Когда,Тип,ДА — последствия (механика),ДА — Δшкалы,НЕТ — последствия (механика),НЕТ — Δшкалы,Ведущий (ДА),Ведущий (НЕТ),Некролог ДА,Некролог НЕТ,Флаги,Длительный эффект,Тон
I02,Улыбнуться в камеру?,"0–3, старт игры",Интро,Нет последствий (учим рычаг ответа),—,Нет последствий,—,Вот это личико!,Стесняшка!,—,—,NOCONS,—,
I03,Сделать первый шаг?,"1–4, после I02",Интро,Запускается таймер возраста; включается музыка и анимация движения вперёд; игра начинается,—,"То же: шаг всё равно происходит, игра начинается",—,Поехали!,Поехали!,—,—,"NOCONS, TIMELINE",—,
CH01,Съесть жука?,4–8,Детство,Нет последствий (влияет на некролог),Здр +1,Нет последствий,—,Крепкий орешек!,"А зря, вкусно!",В детстве ели жуков и ничего на свете не боялись.,"Росли аккуратным, брезгливым ребёнком.",ROND,—,absurd
CH02,Засунуть палец в розетку?,4–10,Детство/Дичь,Мгновенный конец игры (причина финала: розетка),—,Нет последствий,—,"Ну, спасибо за игру!",Пронесло!,—,В детстве чуть не тронули розетку — но вовремя одумались.,FATAL,—,
CH03,Поиграть с рыжим котом?,5–12,Детство,Нет последствий (влияет на некролог),—,Нет последствий,—,Мур-мур!,Кот запомнил.,"Рыжий кот из детства, его котята и их котята прожили с вами всю жизнь.",Домашних животных так и не завели.,ROND,—,
CH04,Залезть на самое высокое дерево?,6–12,Детство,Нет последствий (влияет на некролог),Здр −1,Нет последствий,—,Вот это по-нашему!,Осторожничаем?,Выше всех лазили по деревьям и не боялись высоты.,Высоты сторонились с самого детства.,ROND,—,
CH05,Поделиться последней конфетой?,5–10,Детство,Нет последствий (влияет на некролог),—,Нет последствий,—,Святой человек!,"Правильно, себе!",Легко делились последним — и друзья это помнили.,Своим делиться не любили.,ROND,—,
CH06,"Соврать, что вазу разбил не ты?",6–12,Детство,Нет последствий (влияет на некролог),—,Нет последствий,—,Хитрюга!,Честняга!,Рано научились выкручиваться и привирать.,Даже про вазу сказали правду — честность вошла в привычку.,ROND,—,absurd
CH07,Завести дневник?,8–14,Детство,Разблокирует карточку LT07 (мемуары),—,Карточка LT07 не появится,—,Летописец!,Ни строчки!,Каждый день заносили в дневник.,Свою жизнь нигде не записывали.,"ROND, CHAIN→LT07",—,
CH08,Записаться в кружок?,9–15,Детство,Разблокирует карточку MD07 (блог),—,Карточка MD07 не появится,—,Талант!,Диван тоже кружок.,С детства у вас было любимое дело.,Ничем особенным в детстве не увлеклись.,CHAIN→MD07,—,
YA01,ПОРА ЗАРАБАТЫВАТЬ! Поступить в универ?,18,Развилка,После ~25 доход-множитель ×2; разблокирует YA02 (крутилка денег открывается подсказкой в 18),Дн −1,Доход-множитель ×1 (сразу работаешь),"Дн +20, Здр −7",Умница!,"Бунтарь, обожаю!",Отучились в универе — и это со временем окупилось.,"Учиться не пошли: жили небогато, зато свободно.","OPEN:Дн, TIMELINE, CHAIN→YA02, DELAY(7)",MULT:Дн=x2 FROM:25,
YA02,Бросить универ ради стартапа?,"19–21, если YA01=ДА",Развилка,Рандом: доход-множитель ×5 или обнуление денег,Дн ±3,Нет последствий (доучиваешься),—,Смело!,,Бросили всё ради своего дела — вот это была авантюра.,"Доучились спокойно, до конца.",RANDOM_OUTCOME,MULT:Дн=x5|0,risky
YA04,Взять первый кредит на мечту?,"21–25, если Дн открыта",Соблазн,+40₽ сразу; через ~10 лет долг −0.3₽/сек на 10 лет,Дн +2,Нет последствий,Дн −1,Живём один раз!,,"Жили в долг, но ярко.",В долги принципиально не залезали.,DELAY(10),DRAIN:Дн=-0.3/s DUR:10y,risky
YA05,Что это? ПЕРВАЯ УСТАЛОСТЬ!,25,Таймлайн,Открывает крутилку энергии (шкала Эн) + подсказка,—,Отказаться нельзя; крутилка всё равно открывается,Эн −1,,,—,—,"OPEN:Эн, TIMELINE, FORCED",—,
YA06,Уехать работать в другой город?,22–27,Развилка,Доход-множитель ×1.5 (карьера в городе),"Дн +50, Отн −12",Нет последствий,"Отн +5, Дн −20",Покоритель!,,Уехали в большой город и там пробились.,"Остались дома, среди своих.",,MULT:Дн=x1.5,
MD01,СВАДЬБА! Сказать «да»?,"28–32, если Отн открыта",Таймлайн,Отн переходит в режим «реже балансировать» (дрейф вдвое медленнее); через 2 года разблокирует MD02,Отн +2,Отн начинает таять даже при поддержке и со временем рвётся,Отн −2,ГОРЬКО!,Свобода — тоже выбор!,Создали семью и держались вместе.,Своей семьёй так и не обзавелись.,"TIMELINE, CHAIN→MD02, DELAY(5)",НЕТ:DRIFT:Отн=x2,
MD02,РЕБЁНОК! Завести?,свадьба +2,Таймлайн,Открывает шкалу ребёнка и кнопку-тамагочи (+ подсказка); разблокирует LT04,"Реб +2, Эн −1",Нет последствий,—,Поздравляем!,,Появились дети — и всё изменилось.,Детей не завели — и это тоже был выбор.,"OPEN:Реб, TIMELINE, CHAIN→LT04, EXCL:реб",—,
MD03,Отпуск на море?,"30+, если на счету ≥ 60₽",Сцена,"Стоит 60₽; пока в отпуске заработок заблокирован, деньги тают","Эн +18, Дн −60",Нет последствий (карточка гаснет),Эн −1,Красиво жить не запретишь!,,Умели отдыхать — на снимках это видно.,Отпуска себе почти не позволяли.,BLOCK$,—,
MD04,Взять ипотеку на своё жильё?,"30–40, если на счету ≥ 40₽",Развилка,Первый взнос 40₽; затем −0.3₽/сек на 20 лет,Дн −40,Нет последствий,Дн +1,Домовладелец!,,Обзавелись своим домом.,Своего жилья так и не нажили.,"DELAY(20), BLOCK$, EXCL:ипотека",DRAIN:Дн=-0.3/s DUR:20y,
MD05,Помочь стареющим родителям?,40–55,Сцена,Нет последствий (только эффект шкал),"Дн −30, Эн −8",Нет последствий,—,Золотое сердце!,Ну и ну…,Были опорой родителям до конца.,Родителям почти не помогали — и потом это грызло.,BLOCK$,—,
MD06,Второй шанс на любовь?,"~40, если Отн потеряна",Таймлайн,Снова открывает балансир отношений,Отн +12,Нет последствий,—,Вторая молодость!,,Любовь встретили во второй раз.,После расставания больше никого не подпустили.,"TIMELINE, ZONE, OPEN:Отн",—,
MD07,Завести блог и снимать контент?,"30–45, если CH08=ДА",Хобби,Нет последствий (только эффект шкал),"Эн +8, Дн −20",Нет последствий,—,Контент!,,Годами вели свой блог — и кому-то это правда заходило.,Свой блог так и не завели.,"ROND, BLOCK$",—,
CR00,КРИЗИС СРЕДНЕГО ВОЗРАСТА! БЛИЦ!,45–50,Блиц-старт,"Запускает блиц: 5 мыслей подряд, на ответ по 2 сек; надо жать «ВСЁ НОРМАЛЬНО»",—,Отказаться нельзя,—,БЛИЦ!,,—,—,"TIMELINE, BLITZ, FORCED",—,
CR01,«А чего ты вообще достиг?»,блиц,Блиц-мысль,Нажал «ВСЁ НОРМАЛЬНО» (позиция случайна) — мысль уходит,—,Промах или «О НЕТ» → провал +1 (2 провала запускают импульс-раунд),—,,,—,—,BLITZ,—,
CR02,«Зачем всё это вообще?»,блиц,Блиц-мысль,Нажал «ВСЁ НОРМАЛЬНО» — мысль уходит,—,Промах → провал +1,—,,,—,—,BLITZ,—,
CR03,«Жизнь проходит мимо?»,блиц,Блиц-мысль,Нажал «ВСЁ НОРМАЛЬНО» — мысль уходит,—,Промах → провал +1,—,,,—,—,BLITZ,—,
CR04,«Ты вообще счастлив?»,блиц,Блиц-мысль,Нажал «ВСЁ НОРМАЛЬНО» — мысль уходит,—,Промах → провал +1,—,,,—,—,BLITZ,—,
CR05,«Уже поздно что-то менять?»,блиц,Блиц-мысль,Нажал «ВСЁ НОРМАЛЬНО» — мысль уходит,—,Промах → провал +1,—,,,—,—,BLITZ,—,
CR06,БРОСИТЬ ПАРТНЁРА ПРЯМО СЕЙЧАС!,импульс-раунд (если ≥2 промаха),Импульс,Немедленный развод; отношения рвутся,—,Импульс погашен,—,Оу! Радикально!,Выдержка!,В кризис всё сожгли и ушли.,В трудный момент удержались и остались.,"INVERT, BREAK:Отн",—,
CR07,КУПИТЬ МОТОЦИКЛ И ГНАТЬ 200?,импульс-раунд,Импульс,Нет последствий (только эффект шкал),"Эн +2, Дн −2",Импульс погашен,—,ГАЗУЕМ!,Скучно…,В сорок с лишним купили тот самый мотоцикл.,От безумных затей вовремя отказались.,"INVERT, RANDOM_OUTCOME, BLOCK$",—,absurd
CR08,ПОБРИТЬСЯ НАЛЫСО И УЕХАТЬ НА ШРИ-ЛАНКУ?,импульс-раунд,Импульс,Разовый минус деньгам; временный отрыв,Дн −2,Импульс погашен,—,Дзен!,,Побрились налысо и укатили на Шри-Ланку.,От побега на край света удержались.,"INVERT, BLOCK$",—,absurd
CR09,ДЕПРЕССИЯ!,после кризиса (рандом),Событие,"Включает состояние «Депрессия» (экран ч/б, звук искажён) до прохождения мини-игры",Эн −1,Отказаться нельзя,—,,,Прошли через тёмную полосу — и выбрались.,—,"RANDOM_TRIGGER, TIMELINE, FORCED",—,
LT01,Заняться здоровьем всерьёз?,55–65,Сцена,Замедляет падение здоровья (декей ×0.5),"Здр +15, Дн −40",Болезни ускоряют падение здоровья (декей ×2),Здр −15,Ещё повоюем!,А вот это зря…,Под старость взялись за здоровье всерьёз.,На здоровье махнули рукой.,BLOCK$,—,
LT02,Лечь на операцию?,"55–70, если Здр<50%",Сцена,Стоит 120₽; здоровье +40%; игра продолжается,Здр +40,Риск: здоровье может уйти в ноль,Здр −2,,,Врачи собрали вас заново.,От операции отказались.,BLOCK$,—,
LT03,Выйти на пенсию?,60–65,Развилка,Заработок прекращается; деньги тают,"Эн +18, Дн −20",Нет последствий,"Дн +25, Эн −8",Заслуженный отдых!,,Ушли на покой и наконец выдохнули.,Работали до последнего.,,—,
LT04,Ваш ребёнок вырос и больше не нуждается в помощи. Помочь всё равно?,"55–65, если MD02=ДА",Событие,Гасит шкалу ребёнка; портит отношения (навязчивость),Отн −12,Гасит шкалу ребёнка; всё в порядке,—,"Оу, как навязчиво!",,Опекали детей даже когда они давно выросли.,Выросших детей отпустили с миром.,TIMELINE,—,
LT05,Помириться со старым другом?,"60–80, если CH15 = ДА",Сцена,Нет последствий (только эффект шкалы),Отн +12,Нет последствий,—,,,Старые обиды под конец отпустили.,С кем-то так и не помирились.,ROND,—,
LT07,Издать свои дневники книгой?,"75+, если CH07=ДА",Флейвор,Нет последствий (влияет на некролог),"Дн −40, Эн −8",Нет последствий,—,Писатель!,,Свои дневники под старость издали книгой.,Записи так и остались лежать в столе.,ROND,—,
LT08,ПОРА ПОДЛЕЧИТЬСЯ! Оплатить?,когда здоровье < 40% (возраст ≥ 30),Здоровье/Система,Стоит 100₽; здоровье мгновенно до 80%,Здр → 80%,Ничего; риск смерти растёт,—,Как новенький!,,"Когда здоровье посыпалось, за лечение заплатили не раздумывая.","На лечение денег не нашлось, и дальше стало только хуже.","BLOCK$, RANDOM_TRIGGER",—,
RND01,Лёгкие деньги от мутного типа?,20+,Соблазн,Через ~3 года — фатальный финал «За тобой пришли» (причина финала: криминал),Дн +50,Нет последствий,—,А вот это зря…,Мудро!,Ради денег играли с огнём.,Мутные схемы обходили стороной.,"DELAY(3), FATAL",—,risky
RND03,"Кто-то предлагает тебе странный белый порошок. Интересно, что это?",18+,Соблазн,Мгновенный конец игры (причина финала: белый порошок),—,Нет последствий,—,,И правильно!,—,Опасный соблазн отвели рукой.,FATAL,—,
RND04,Вложиться в крипту? Это должно выстрелить!,25+,Соблазн,Рандом: деньги ×3 или в ноль,Дн ±3,Нет последствий,—,Ва-банк!,,Поверили в лёгкие иксы — та ещё лотерея.,В крипту так и не полезли.,RANDOM_OUTCOME,—,risky
RND05,Роман на стороне?,если Отн открыта,Соблазн,Через ~2 года разбивает отношения → развод,—,Нет последствий,Отн +1,Ай-яй-яй!,,Один роман на стороне разрушил семью.,Верность сохранили.,"DELAY(2), BREAK:Отн",—,risky
RND06,Селфи на краю крыши ради эффектного кадра?,любой,Фатальная,Мгновенный конец игры (причина финала: селфи на крыше),—,Нет последствий,—,"Ну, спасибо за игру!",,—,Ради лайков жизнью не рисковали.,"FATAL, RANDOM_TRIGGER",—,
KEK01,Коуч: «раскрой потенциал за 3 дня»?,25+,Кек,−10₽; эффекта нет (кек),Дн −25,Нет последствий,—,Оно и видно!,,"Потенциал раскрывали за три дня, и он не раскрылся.",На коучей денег не тратили.,"ROND, BLOCK$",—,absurd
KEK02,Курс «как перестать покупать курсы»?,25+,Кек,−10₽; эффекта нет (кек),Дн −25,Нет последствий,—,Гениально! (нет),,"Купили курс о том, как перестать покупать курсы.",Курсов больше не покупали.,"ROND, BLOCK$",DRAIN:Дн=-0.05/s DUR:5y,absurd
KEK03,Сетевой маркетинг: стать партнёром?,25+,Кек,−10₽; эффекта нет (кек),"Дн −15, Отн −12",Нет последствий,—,,,Побывали партнёром сетевой компании и растеряли знакомых.,В сетевой маркетинг не пошли.,"ROND, BLOCK$",—,absurd
KEK04,Секта ЗОЖ: только сельдерей?,25+,Кек,Эффекта нет (кек),"Эн −18, Здр −7",Нет последствий,—,,,Месяц ели один сельдерей во имя здоровья.,Сельдерейную секту обошли стороной.,ROND,—,absurd
KEK05,Экстрасенс снимет порчу?,25+,Кек,−10₽; эффекта нет (кек),Дн −40,Нет последствий,—,,,Порчу снимали дорого и не один раз.,К экстрасенсам не обращались.,"ROND, BLOCK$",—,absurd
FA01,Купить ненужную вещь на распродаже?,18–19,Соблазн,−20₽ (флейвор),Дн −12,Нет последствий,Дн +1,Скидка же!,Устоял — почти герой.,Дом заполнялся приятным хламом.,Лишнего не покупали.,BLOCK$,—,absurd
FA02,Забить новый холодильник нормальной едой?,18–19,Флейвор,−15₽ (флейвор),"Дн −1, Здр +1",мелкий эффект (флейвор),"Дн +1, Здр −1",Взрослая жизнь пошла!,"Доширак — тоже еда. Ну, почти.","Съехав, сразу научились готовить.",Первый год жили на лапше быстрого приготовления.,BLOCK$,—,warm
FA03,Приютить кота соседа по съёмной квартире?,18–19,Кек,Нет последствий,Дн −15,Нет последствий,—,Котик решает всё!,Аллергия сильнее дружбы.,Делили быт с чужим наглым котом.,—,BLOCK$,—,warm
FA04,Пойти на первое собеседование в костюме с чужого плеча?,18–19,Сцена,Взяли на работу — первая зарплата в кармане,"Дн +25, Здр −7",Нет последствий,—,Выглядим на миллион!,Пришли как есть — тоже позиция.,На собеседования всегда ходили при параде.,—,,—,sweet
FA05,Записаться в автошколу за компанию с другом?,20–24,Соблазн,−30₽ (флейвор),"Дн −25, Отн +5",Нет последствий,Дн +1,Права — это свобода!,"Пешком, говорят, здоровее.",Кое-как отучились в автошколе.,Так и не сели за руль.,BLOCK$,—,risky
FA06,Взять смену курьером в самый дождь?,18–19,Сцена,+20₽ (флейвор),"Дн +20, Здр −7",Нет последствий,—,"Деньги не пахнут, но мокнут.",Дома сухо и тепло.,Крутили педали под ливнем ради лишней копейки.,—,,—,bitter
FA07,Купить годовой абонемент в зал на волне энтузиазма?,18–19,Соблазн,−25₽ (флейвор),"Дн −2, Здр +1",Нет последствий,—,С понедельника — новая жизнь!,Он бы всё равно пылился.,"Оплатили зал, сходили дважды.",—,BLOCK$,—,absurd
FA08,Рвануть автостопом на выходные в соседний город?,20–24,Хобби,мелкий эффект (флейвор),"Отн +12, Здр −7",Нет последствий,—,Дорога зовёт!,Диван тоже вариант.,Ловили попутки и дешёвые приключения.,—,,—,warm
FA09,Остаться на вписке до самого утра?,20–24,Кек,Нет последствий,"Здр −15, Отн +5",Нет последствий,Здр +7,Молодость одна!,Выспаться — тоже кайф.,Досиживали на чужих кухнях до рассвета.,—,ROND,—,risky
FA10,Спустить всю первую зарплату за один вечер?,18–19,Соблазн,−40₽ (флейвор),Дн −25,мелкий эффект (флейвор),Дн +1,"Гуляем, она же первая!",Отложили по-взрослому.,Первую зарплату спустили за вечер — зато красиво.,Первую зарплату отложили до копейки.,BLOCK$,—,risky
FB01,Пойти на свидание вслепую?,20–24,Соблазн,Мелкий эффект: вечер потрачен,Отн +12,Нет последствий,Отн −5,А вдруг это любовь всей вашей недели!,Диван вас точно не бросит.,Ходили на свидания вслепую и иногда даже угадывали.,Знакомились строго при хорошем освещении.,,—,sweet
FB02,Снять квартиру на двоих с приятелем?,20–24,Сцена,−N₽ на аренду; веселее,"Отн +12, Дн −20",Живём с родителями дальше,Отн −1,"Своя кухня! Ну, почти своя.",Мамин суп никто не отменял.,Делили аренду и последнюю пачку макарон.,"Съезжать не спешили, и правильно делали.",BLOCK$,—,warm
FB03,Взять котёнка из приюта?,20–24,Хобби,−N₽ на корм; тепло на душе,Дн −15,Нет последствий,—,Теперь диван официально не ваш.,Ноль когтей на обоях. Скукота.,Жили под мурчание и слой шерсти на всём.,Обои остались целыми до конца.,BLOCK$,—,warm
FB04,Рвануть на музыкальный фестиваль?,20–24,Соблазн,−N₽ на билет; громко и весело,"Дн −35, Здр −7",Посмотрим трансляцию дома,Дн +1,"Голос сядет, зато душа взлетит!",Наушники и тишина — тоже фестиваль.,Орали любимые песни в толпе незнакомцев.,"Слушали всё то же, но сидя и в тапках.",BLOCK$,—,warm
FB05,Сделать дерзкую стрижку с выбритым виском?,20–24,Кек,Мелкий эффект: смелый образ,"Дн −20, Отн −5",Нет последствий,—,Отрастёт! Наверное. Когда-нибудь.,Классика не подводит и не отрастает криво.,—,—,BLOCK$,—,absurd
FB06,Уехать в первый отпуск за свои деньги?,20–24,Сцена,−N₽ на поездку; заряд надолго,"Дн −45, Здр +7",Копим дальше,Дн +1,"Море ждёт, а карта пусть отдохнёт!","Отдых в мечтах бесплатный, между прочим.","Хоть раз, но уехали к морю на честно заработанное.","Копили на поездку, о которой только мечтали.",BLOCK$,—,warm
FB07,Взять первый заказ на фрилансе?,20–24,Сцена,+N₽ за подработку; устанешь,"Дн +25, Здр −7",Нет последствий,—,Свободный график — спим когда закончим!,Заказчик подождёт. Вечно.,Правили макет в три ночи за смешную сумму.,Дедлайны обходили стороной.,,—,bitter
FB08,Готовиться к сессии всю ночь напролёт?,20–24,Сцена,"Мелкий эффект: сдал, но выжат",Здр −15,Понадеемся на удачу,—,Кофе — пятый элемент студента!,"Авось — древняя, но рабочая стратегия.",Знали предмет ровно до утра после экзамена.,Сдавали на удачу и харизму.,,—,bitter
FB09,Спустить премию за один вечер?,20–24,Соблазн,−45₽ разом; зато красиво,Дн −45,Отложим на потом,Дн +1,Заработал — имеешь право прогулять!,Копилка тихо вами гордится.,"Премии спускали за вечер, а потом на дошираке.",Премию бережно откладывали в конверт.,BLOCK$,—,risky
FB10,Съехаться с тем самым человеком?,20–24,Сцена,Мелкий эффект: быт вдвоём,Отн +12,Пока по своим углам,Отн −1,Одна зубная щётка на двоих — это судьба!,"Границы — тоже форма любви, говорят.",Учились делить одеяло и полку в холодильнике.,Любили на расстоянии вытянутой руки.,,—,sweet
FC01,Начальник: «дожми квартальный до полуночи — заметят наверху»?,25–29,Соблазн,"Минус вечер и силы, плюс галочка «надёжный»","Дн +1, Эн −2","Уходишь по звонку, без последствий",Эн −1,Наверху заметили твои мешки под глазами!,"Отчёт подождёт, а молодость — нет.","Дожимал квартальные, пока не дожали его.",—,,—,bitter
FC02,"Менеджер банка: «бери ипотеку, пока ставка не улетела»?",25–29,Соблазн,Свои стены и лёгкий груз на плечах,"Дн −1, Эн −1","Остаёшься на съёме, без последствий",—,Тридцать лет счастья по графику платежей!,Чужие стены зато без процентов.,"Успел выплатить кухню, но не коридор.",—,"BLOCK$, EXCL:ипотека",DRAIN:Дн=-0.3/s DUR:25y,risky
FC03,Друг зовёт бежать полумарафон весной — впишешься?,25–29,Хобби,"Колени ноют, зато сердце довольно","Здр +2, Эн −1","Остаёшься на диване, без последствий",—,Бежит от инфаркта — и пока выигрывает!,Диван тоже своего рода дистанция.,—,—,,—,warm
FC04,Записаться к терапевту — «просто поговорить»?,25–29,Сцена,"Кошелёк худеет, голова светлеет","Дн −2, Эн −1","Держишь всё в себе, без последствий",—,"Платит, чтобы услышать то, что знал бесплатно!","Зачем терапевт, когда есть кот.",—,Так и не проговорил ни разу.,BLOCK$,—,warm
FC05,Бросить тёплый офис ради вольного фриланса?,25–29,Соблазн,"Свобода в графике, тревога в кошельке","Эн +1, Дн −1","Остаёшься при пропуске, без последствий",—,Сам себе начальник — и сам себе безработный!,Стабильность — это тоже вид приключения.,"Работал из дома, отдыхал из дома, жил из дома.",—,BLOCK$,—,risky
FC06,"Пятая свадьба за лето, тамада тянет тебя на сцену — идёшь?",25–29,Флейвор,Конкурс на прищепках сближает,"Отн +1, Эн −1","Отсиживаешься за столом, без последствий",—,Горько! И это он про третий подарочный сервиз.,Стол с оливье тоже был рад компании.,—,—,ROND,—,warm
FC07,Мечта зовёт в другой город — собрать чемодан и уехать?,25–29,Сцена,"Новый горизонт, старые связи по видеосвязи","Дн +1, Отн −1, Эн −1","Остаёшься среди знакомых стен, без последствий",—,"Новый город, новые люди, старые тревоги!",Дома и стены знают твой размер.,—,Всё думал уехать — уехал только на кладбище.,,—,risky
FC08,"Новый флагман вышел, старый ещё дышит — меняем?",25–29,Соблазн,"Минус зарплата, плюс три секунды радости","Дн −2, Эн −1","Клеишь стекло на старый, без последствий",—,Камера на сто мегапикселей — снимать ту же стену!,"Старый телефон обиделся, но остался.",—,—,BLOCK$,—,absurd
FC09,Намекнули: выше этой должности не прыгнешь. Осесть и смириться?,30–40,Сцена,Спокойствие взамен амбиций,"Эн +8, Дн −20","Продолжаешь буксовать вверх, без последствий",Эн −8,"Потолок низкий, зато не капает!",Штурмует стеклянный потолок лбом — азартно!,Дорос до потолка и остался под ним.,—,BLOCK$,—,bitter
FC10,Затеять ремонт «на пару выходных»?,30–40,Соблазн,"Пыль, споры с мастером и новые обои","Дн −60, Эн −18","Живёшь с трещиной как с приметой, без последствий",—,Пара выходных пошла восьмой месяц!,Трещина на потолке — бесплатный ночник для мыслей.,—,—,BLOCK$,—,absurd
FC11,Взяться за второй язык с нуля — «ещё не поздно»?,30–40,Хобби,"Вечера с карточками, мозг скрипит бодрее","Дн −20, Эн −8","Обходишься переводчиком в кармане, без последствий",—,Уже умеет заказать кофе и извиниться — весь набор!,Международный язык жестов тоже неплох.,—,—,BLOCK$,—,warm
FC12,"Откладывать на путешествие мечты, урезав кофе по утрам?",30–40,Флейвор,"Копилка растёт, утро тускнеет","Дн +25, Эн −8","Пьёшь свой латте спокойно, без последствий",—,"Мечта всё ближе, а бодрость всё дальше!","Мечта подождёт, а капучино — нет.",—,"Копил на мечту, накопил на венок.",,—,sweet
FC13,Поставить брекеты во взрослом возрасте?,25–29,Соблазн,−N₽ и год с железом во рту,"Дн −2, Отн −1","Живёшь с фирменной кривой улыбкой, без последствий",—,Год страданий ради идеального селфи!,Кривая улыбка — это характер!,"Полжизни копил на ровные зубы, полжизни их прятал.","Улыбался как есть, и это подкупало.",BLOCK$,—,absurd
FC14,Взять первую машину в кредит — «ну надо же на чём-то»?,25–29,Соблазн,−N₽ и вечные заботы о ТО,Эн +1,"Остаёшься на общественном транспорте, без последствий",—,Своя пробка теперь всегда с тобой!,Метро довезёт и не попросит бензин.,Возил семью и полбагажника хлама.,Всю жизнь ездил зайцем к мечте.,,DRAIN:Дн=-0.2/s DUR:10y,risky
FC15,"Записаться на танцы, где ты старше всех на десять лет?",25–29,Хобби,"−N₽ за абонемент; неловко, но весело","Дн −1, Здр +1","Танцуешь только на кухне, без последствий",—,Гибкость тела и гордости — тренируем обе!,Кухонные танцы — тоже искусство.,"Не стеснялся танцевать, пусть и невпопад.",—,BLOCK$,—,warm
CH09,Съесть сосульку с крыши?,4–8,Детство/Дичь,Нет последствий (горло),Здр −7,Нет последствий,—,Витамины!,Разумно!,Сосульку с крыши попробовали — горло помнило долго.,Сосульки остались висеть нетронутыми.,,—,absurd
CH10,"Проглотить жвачку — говорят, она живёт в тебе семь лет?",5–10,Кек,Нет последствий (влияет на некролог),—,Нет последствий,—,Семь лет!,Выплюнул!,Жвачку однажды проглотили и семь лет ждали последствий.,Жвачку выплюнули — на всякий случай.,ROND,—,absurd
CH11,"Прыгнуть с гаража с зонтиком, как в мультике?",7–12,Детство/Дичь,Мгновенный конец игры (причина финала: прыжок с гаража),—,Нет последствий,—,Ой.,Мультики врут!,—,С гаража так и не прыгнули — зонтик остался зонтиком.,FATAL,—,
CH12,Научиться свистеть в два пальца?,8–14,Кек,Нет последствий (влияет на некролог),—,Нет последствий,—,Виртуоз!,Тишина!,Свистеть в два пальца научились — и пользовались всю жизнь.,Свистеть так и не выучились.,ROND,—,absurd
CH13,Подраться за место в очереди в столовой?,8–14,Школа,Нет последствий (только эффект шкалы),Здр −7,Нет последствий,—,Боец!,Уступил!,За место в очереди однажды подрались — и проиграли.,Место в очереди уступили без разговоров.,,—,risky
CH14,Выступить на утреннике в костюме морковки?,5–9,Сцена,Нет последствий (влияет на некролог),—,Нет последствий,—,Овощ года!,Занавес!,В костюме морковки выступили перед всем залом.,На утренник в костюме морковки не вышли.,ROND,—,absurd
CH15,Пообещать другу дружбу навсегда?,7–12,Сцена,"Разблокирует LT05 (помириться со старым другом, 60–80)",—,LT05 не появится,—,Навсегда!,Осторожно!,Другу пообещали дружбу навсегда — и почти сдержали.,Обещаний навсегда никому не давали.,CHAIN→LT05,—,warm
CH16,Закопать во дворе клад с запиской себе взрослому?,6–12,Сцена,"Разблокирует LT09 (раскопать клад, 70+)",—,LT09 не появится,—,Секрет!,Ничего не спрятал!,Во дворе закопали банку с запиской себе взрослому.,Ничего во дворе не закапывали.,CHAIN→LT09,—,warm
CH17,Обменять свой велосипед на чужую рогатку?,6–12,Кек,Нет последствий (влияет на некролог),—,Нет последствий,—,Сделка века!,Деловой!,Велосипед обменяли на рогатку — сделка века.,Велосипед не отдали никому.,ROND,—,absurd
CH18,Залезть в чужой сад за яблоками?,6–12,Детство,Нет последствий (только эффект шкалы),Здр −7,Нет последствий,—,Урожай!,Честный!,"В чужой сад лазили за яблоками, и однажды попались.",Чужие яблоки обходили стороной.,,—,risky
CH19,Спрыгнуть с качелей на самом верху?,5–10,Детство/Дичь,Нет последствий (только эффект шкалы),Здр −7,Нет последствий,—,Полёт!,Докачался!,С качелей прыгали на самом верху и приземлялись как придётся.,С качелей слезали только когда они остановятся.,,—,risky
CH20,Прокатиться на льдине в весенней луже?,6–12,Детство/Дичь,Нет последствий (только эффект шкалы),Здр −15,Нет последствий,—,Капитан!,Сухие ноги!,Весной катались на льдине и вернулись домой насквозь мокрыми.,Весенние лужи обходили по краю.,,—,risky
CH21,Завести тайный штаб в кустах и никого туда не пускать?,6–12,Сцена,Нет последствий (влияет на некролог),—,Нет последствий,—,Только свои!,Открытые двери!,"В кустах был штаб, куда пускали не всех.",Своего штаба так и не завели.,ROND,—,warm
CH22,Дать списать контрольную?,8–15,Школа,Нет последствий (влияет на некролог),—,Нет последствий,—,Товарищ!,Принципы!,"Списывать давали всем, кто просил.",Списывать не давали никогда — принцип.,ROND,—,warm
CH23,Сбежать с последнего урока?,9–15,Школа,Нет последствий (влияет на некролог),—,Нет последствий,—,Свобода!,Отличник!,"С последнего урока сбегали, и однажды это заметили.",Уроки высиживали до звонка.,ROND,—,risky
CH24,Записаться в школьный театр на роль дерева?,8–14,Сцена,Нет последствий (влияет на некролог),—,Нет последствий,—,Дуб!,Не судьба!,В школьном театре сыграли дерево и не сдвинулись ни разу.,На сцену школьного театра так и не вышли.,ROND,—,absurd
CH25,"Написать записку тому, кто сидит впереди?",9–15,Сцена,Нет последствий (влияет на некролог),—,Нет последствий,—,"Ах, любовь!",Промолчал!,"Записку тому, кто сидел впереди, всё-таки передали.","Записка тому, кто сидел впереди, осталась ненаписанной.",,—,sweet
CH26,"Сдать одноклассника, который курил за гаражами?",10–15,Школа,Нет последствий (влияет на некролог),—,Нет последствий,—,Долг зовёт!,Могила!,Одноклассника за гаражами однажды сдали.,Про гаражи никому не рассказали.,ROND,—,bitter
CH27,Лизнуть качели на морозе?,5–12,Детство/Дичь,Нет последствий (только эффект шкалы),Здр −15,Нет последствий,—,Прилип!,Умный!,Качели на морозе лизнули один раз — хватило навсегда.,Железо на морозе не трогали.,,—,absurd
CH28,"Засунуть в нос горошину, потому что интересно?",4–8,Детство/Дичь,Нет последствий (только эффект шкалы),Здр −7,Нет последствий,—,Исследователь!,Нос свободен!,"Горошина побывала в носу, и доставали её вдвоём с врачом.","Горошину съели, как положено.",,—,absurd
CH29,Съехать с горки в тележке из супермаркета?,7–14,Детство/Дичь,Нет последствий (только эффект шкалы),Здр −15,Нет последствий,—,Гонщик!,Пешком!,На тележке из супермаркета съехали с горки — один раз.,Тележку из супермаркета не трогали.,,—,absurd
CH30,Подарить маме рисунок вместо уборки?,4–9,Сцена,Нет последствий (влияет на некролог),—,Нет последствий,—,Художник!,Порядок!,"Маме подарили рисунок, а комната осталась неубранной.","Комнату убрали, рисунок не дорисовали.",ROND,—,warm
CH31,"Сказать бабушке, что суп невкусный?",5–10,Кек,Нет последствий (влияет на некролог),—,Нет последствий,—,Правдоруб!,Дипломат!,Бабушке однажды сказали правду про суп.,"Суп доедали молча, каждый раз.",ROND,—,absurd
CH32,Прятать плохую оценку до последнего?,8–15,Школа,Нет последствий (влияет на некролог),—,Нет последствий,—,Конспиратор!,Сознался!,"Плохую оценку прятали до последнего, и её всё равно нашли.",Про плохую оценку рассказали сами.,ROND,—,risky
CH33,Просить собаку каждый день целый год?,6–12,Сцена,Нет последствий (влияет на некролог),—,Нет последствий,—,Не сдаёшься!,Смирился!,Собаку выпросили ровно через год.,Собаку так и не завели.,,—,warm
CH34,"Не спать всю ночь, чтобы увидеть Деда Мороза?",4–9,Сцена,Нет последствий (влияет на некролог),—,Нет последствий,—,Дозор!,Спать!,Целую ночь не спали ради Деда Мороза и всё равно уснули.,Деда Мороза караулить не стали.,ROND,—,sweet
CR10,НАПИСАТЬ БЫВШЕЙ В ТРИ ЧАСА НОЧИ?,импульс-раунд (если ≥2 промаха),Импульс,"Сообщение ушло; наутро его прочитали все, кому не следовало",Отн −12,Импульс погашен,—,Отправил!,Телефон в сторону!,Однажды ночью отправили то самое сообщение — и до утра не спали.,Ночью телефон отложили — редкая в жизни победа.,INVERT,—,risky
CR11,УВОЛИТЬСЯ ОДНИМ СООБЩЕНИЕМ ПРЯМО СЕЙЧАС?,импульс-раунд (если ≥2 промаха),Импульс,Свобода немедленно; доход-множитель падает вдвое до конца жизни,Эн +18,Импульс погашен,—,Красиво ушёл!,Досидим до пенсии!,"Уволились одним сообщением — говорят, это было красиво.","С работы так и не ушли, хотя очень хотелось.",INVERT,MULT:Дн=x0.5,risky
CR12,"ОСТРИЧЬ СЕБЯ САМОМУ, ПРЯМО СЕЙЧАС, НОЖНИЦАМИ?",импульс-раунд (если ≥2 промаха),Импульс,Нет последствий (только эффект шкал и фотография на память),"Эн +8, Отн −5",Импульс погашен,—,Смелая линия!,Пощадили голову!,Как-то раз остриглись сами — фотографии сохранились.,От ножниц себя уберегли.,INVERT,—,absurd
FA11,Съехать от родителей в первую же съёмную комнату?,18–19,Развилка,Залог за комнату; разблокирует FC16 (вернуться в 30–40),Дн −20,Живёшь дома дальше,—,Своя жизнь!,Дома кормят!,Из родительского дома съехали в первую же попавшуюся комнату.,Из родительского дома не спешили — и это было удобно.,"BLOCK$, CHAIN→FC16",—,risky
FA12,Звонить маме каждое воскресенье?,18–19,Сцена,Нет последствий (влияет на некролог),—,Нет последствий,—,Хороший сын!,Занят-занят!,"Маме звонили каждое воскресенье, все эти годы.",Позвонить домой всё собирались — и всё откладывали.,,—,warm
FA13,Взять у родителей денег «в последний раз»?,18–19,Соблазн,Родители дают,Дн +20,Справляешься сам,—,В последний!,Взрослый!,У родителей заняли в последний раз — и потом ещё несколько раз.,Денег у родителей больше не просили.,,—,risky
FA14,"Сказать отцу, что выбрал другую профессию?",18–19,Сцена,Разговор выходит долгим,Здр −7,Молчишь дальше,—,Смело!,Промолчали!,"Отцу сказали правду про профессию, и разговор вышел долгим.",Про свой выбор отцу так и не сказали.,,—,bitter
FA15,Выйти в ночную смену вместо выходного?,18–19,Сцена,Смена оплачена,"Дн +20, Здр −7",Выходной остаётся выходным,—,Работяга!,Отдыхаем!,Выходные меняли на ночные смены.,Выходные оставались выходными.,,—,bitter
FA16,Улыбаться хамскому клиенту до конца смены?,18–19,Сцена,Смена дотерпена,Здр −7,Ответил — и смена кончилась,—,Профессионал!,Ох!,Хамам улыбались до конца смены — работа такая.,"Однажды нахамили в ответ, и было хорошо.",,—,bitter
FA17,Получить первую зарплату в конверте и не спросить почему?,18–19,Соблазн,Конверт в кармане,Дн +25,Спросил — работа кончилась,—,Не считай!,Любопытный!,Первую зарплату взяли в конверте и вопросов не задавали.,"Спросили, почему в конверте, — и работать стало негде.",,—,risky
FA18,«Поработай месяц бесплатно — зато опыт»?,18–19,Кек,Месяц бесплатно; опыта не прибавилось,Здр −7,Отказался сразу,—,Инвестиция!,Умница!,Месяц отработали бесплатно ради опыта.,Бесплатно работать отказались сразу.,ROND,—,absurd
FA19,"Уволиться в первый же месяц, потому что невыносимо?",18–19,Развилка,"Ушёл, ищешь заново",—,Дотерпел,Здр −7,И правильно!,Терпим!,"С первой работы ушли, не доработав месяца.",Первую работу дотерпели до конца.,,—,risky
FA20,Сделать первую татуировку по эскизу из интернета?,18–19,Соблазн,"Салон, час, навсегда",Дн −20,Кожа чистая,—,Навсегда!,Передумал!,Первую татуировку набили по картинке из интернета.,Кожа осталась чистой.,BLOCK$,—,absurd
FA21,Проколоть что-нибудь на спор?,18–19,Кек,Прокол заживает как умеет,Здр −7,Спор проигран,—,Дырка!,Целый!,"На спор прокололи то, что потом заросло.",Спорить о проколах не стали.,ROND,—,absurd
FA22,"Покраситься в цвет, который был на картинке?",18–19,Кек,Цвет вышел не тот,Дн −12,Свой цвет,—,Ярко!,Скучно!,"Однажды покрасились в цвет, которого не было в природе.",Цвет волос остался свой.,"BLOCK$, ROND",—,absurd
FA23,"Спать по четыре часа, потому что успеть надо всё?",18–19,Соблазн,"Успеваешь больше, платишь телом",Здр −15,Спишь как человек,—,Титан!,Соня!,Спали по четыре часа и считали это нормой.,Сон берегли смолоду.,,—,risky
FA24,Сесть на диету из одного продукта?,18–19,Кек,Месяц одного и того же,Здр −15,Ешь как обычно,—,Дисциплина!,Разумно!,Месяц ели один продукт и назвали это диетой.,Диеты из одного продукта обошли стороной.,ROND,—,absurd
FA25,Переехать в общагу к четверым незнакомым?,18–19,Сцена,"Койка, тумбочка, четверо соседей",Дн −15,Живёшь один,—,Весело!,Тишина!,Жили вчетвером в одной комнате и почти не ссорились.,Соседей по комнате себе не заводили.,BLOCK$,—,warm
FA26,Поехать за компанию непонятно куда на выходные?,18–19,Хобби,"Дорога, ночь, чужая дача","Дн −15, Здр −7",Остался дома,—,Авантюрист!,Домосед!,Уезжали за компанию непонятно куда — и возвращались.,За компанию никуда не ездили.,BLOCK$,—,risky
FA27,"Поручиться за друга, который берёт в долг?",18–19,Соблазн,Через ~3 года долг придётся закрывать самому,—,Друг обиделся,—,Настоящий друг!,Осторожный!,"За друга поручились, и отдавали потом сами.","Поручаться за друга не стали, и дружба остыла.",DELAY(3),DRAIN:Дн=-25 ONCE:3y,risky
FA28,Собрать группу в гараже?,18–19,Хобби,Аренда гаража и струны,Дн −20,Музыка остаётся в наушниках,—,Звезда!,Слушатель!,"В гараже собрали группу, которая сыграла три раза.",Группу так и не собрали.,BLOCK$,—,warm
FA29,"Быть тем, кто всегда развозит всех по домам?",18–19,Сцена,"Все дома, ты последний",Здр −7,Едешь домой первым,—,Спаситель!,Каждый сам!,"Всех всегда развозили по домам, а домой добирались сами.",Развозить всех по домам не подписывались.,,—,bitter
FA30,Поставить на матч — «тут же очевидно»?,18–19,Соблазн,Рандом: угадал или нет,Дн ±25,Просто смотришь матч,—,Верняк!,Мудро!,На матч однажды поставили — и запомнили это надолго.,Ставок не делали.,RANDOM_OUTCOME,—,risky
FA31,Взять микрозайм на новый телефон?,18–19,Соблазн,Телефон сразу; потом −0.15 ₽/сек пять лет,Дн +25,Ходишь со старым,—,Связь важна!,Старый работает!,"Телефон взяли в микрозайм и отдавали дольше, чем им пользовались.",Микрозаймов не брали.,,DRAIN:Дн=-0.15/s DUR:5y,risky
FA32,"«Заработок из дома, два часа в день»?",18–19,Кек,"Доступ куплен, заработка нет",Дн −15,Прошёл мимо,—,Гениально! (нет),Не дурак!,Купили доступ к заработку из дома и больше о нём не слышали.,На заработок из дома не повелись.,"BLOCK$, ROND",—,absurd
FA33,"Завести блог, который никто не смотрит?",18–19,Хобби,Нет последствий (влияет на некролог),—,Нет последствий,—,Контент!,И не надо!,"Вели блог, который смотрела только мама.",Блога не заводили.,ROND,—,absurd
FA34,Списаться с человеком из интернета и поехать к нему в другой город?,18–19,Соблазн,"Билет, чужой город, чужая квартира","Дн −20, Здр −7",Остался в переписке,—,Романтика!,Осторожность!,Однажды поехали в другой город к человеку из интернета.,К незнакомцам из интернета не ездили.,BLOCK$,—,risky
FA35,Денег нет вообще. Занять у друга до зарплаты?,"18–19, если на счету < 5 ₽",Сцена,Друг переводит; отдавать придётся,Дн +15,"Голодно, но гордо",Здр −7,Друзья для того и нужны!,Гордость дороже!,"Занимали у друзей до зарплаты, и не всегда отдавали вовремя.","В долг не брали, даже когда было совсем туго.",,—,risky
FB11,Познакомить его с родителями?,20–24,Сцена,"Ужин, вопросы, неловкость",Отн +12,Тянешь дальше,Отн −5,Официально!,Не спешим!,"С родителями познакомили, и ужин прошёл почти хорошо.",Знакомить с родителями так и не стали.,,—,warm
FB12,"Прочитать его переписку, пока он в душе?",20–24,Соблазн,Прочитал — и теперь знаешь,Отн −12,Телефон остался лежать,—,Любопытно!,Доверие!,Однажды прочитали чужую переписку и пожалели.,В чужой телефон не заглядывали ни разу.,,—,risky
FB13,Поехать в первый отпуск вдвоём?,20–24,Сцена,"Море, дешёвый отель, две недели","Дн −45, Отн +12",Отпуск порознь,Отн −5,Голубки!,Порознь!,В первый отпуск вдвоём съездили и не поссорились.,Первый отпуск провели порознь.,BLOCK$,—,warm
FB14,"Сказать вслух, что хочешь детей когда-нибудь?",20–24,Сцена,Разговор состоялся,Отн +5,Тема отложена,Отн −5,Планы!,Потом-потом!,"Про детей однажды заговорили вслух, ещё в двадцать.","Про детей молчали, пока можно было молчать.",,—,sweet
FB15,Он зовёт переехать в его город. Поехать?,20–24,Развилка,Всё бросаешь и едешь,"Дн −25, Отн +12",Остаёшься при своём,Отн −12,За любовь!,За себя!,Ради него переехали в чужой город.,Ради него переезжать не стали.,BLOCK$,—,risky
FB16,Попросить первое повышение?,20–24,Развилка,Рандом: дали или посмеялись,Дн ±25,"Ждёшь, когда заметят",—,Наглость!,Терпение!,"Повышения попросили сами, и однажды его дали.","Повышения ждали, пока заметят.",RANDOM_OUTCOME,—,risky
FB17,Коллега приписал себе твою работу. Идти к начальнику?,20–24,Сцена,"Разобрались, справедливость восстановлена",Дн +20,Проглотил,Здр −7,Борец!,Смолчал!,За свою работу однажды вступились и выиграли.,Чужое имя под своей работой просто проглотили.,,—,bitter
FB18,"Выступить на конференции, где ты младше всех?",20–24,Сцена,"Трясёт, но заметили","Дн +25, Здр −7",Сидишь в зале,—,Звезда!,В зале!,"Выступали там, где были младше всех в зале.",На сцену не вышли ни разу.,,—,risky
FB19,Работать на двух работах сразу?,20–24,Соблазн,"Денег вдвое, тебя вдвое меньше","Дн +40, Здр −15","Одна работа, один ты",—,Машина!,Разумно!,Работали на двух работах и почти успевали спать.,Второй работы не брали никогда.,,—,bitter
FB20,"Уйти туда, где интереснее, но платят меньше?",20–24,Развилка,"Доход падает, дышится легче",Здр +7,Остаёшься где платят,—,За мечтой!,За деньгами!,"Ушли туда, где интереснее, и денег стало меньше.","Выбрали то, где платят, и не жалели вслух.",,MULT:Дн=x0.7,risky
FB21,Купить первую свою мебель вместо чужой?,20–24,Сцена,"Своё, хоть и из фанеры",Дн −40,Живёшь с чужим шкафом,—,Хозяин!,И так сойдёт!,Первую свою мебель купили в двадцать с небольшим.,Мебель так и оставалась чужой.,BLOCK$,—,warm
FB22,"Научиться готовить, а не заказывать?",20–24,Хобби,"Продукты, ошибки, потом получается","Дн −15, Здр +15",Доставка знает тебя по имени,Здр −7,Шеф!,Доставка!,"Готовить научились сами, и получалось всё лучше.",Готовить так и не научились.,BLOCK$,—,warm
FB23,Сходить к врачу впервые без мамы?,20–24,Сцена,"Талон, очередь, взрослая жизнь","Дн −20, Здр +15",Само пройдёт,Здр −7,Взрослый!,Само пройдёт!,"К врачу впервые пошли сами, и вовремя.",К врачу без мамы так и не собрались.,BLOCK$,—,warm
FB24,Переезд с девятью коробками — просить друзей помочь?,20–24,Кек,"Пицца, спина, благодарность",Отн +5,Нанял грузчиков,Дн −25,Товарищи!,Профессионалы!,Переезжали силами друзей и расплачивались пиццей.,На переезд всегда нанимали чужих людей.,ROND,—,absurd
FB25,"Разобрать коробки, которые стоят с переезда полгода?",20–24,Кек,Нет последствий (влияет на некролог),—,Нет последствий,—,Порядок!,Пусть стоят!,Коробки с переезда разобрали через полгода.,Часть коробок так и не разобрали никогда.,ROND,—,absurd
FB26,Друг уезжает навсегда. Поехать провожать через полстраны?,20–24,Сцена,"Билет, вокзал, три часа","Дн −25, Отн +5",Простились по телефону,Отн −5,Настоящий!,Созвонимся!,Друга провожали через полстраны.,Друга проводили по телефону.,BLOCK$,—,bitter
FB27,"Быть свидетелем на свадьбе того, кто женится первым?",20–24,Сцена,"Костюм, тост, ответственность","Дн −20, Отн +5",Просто гость,—,Свидетель!,С краю!,На первой свадьбе из своих были свидетелем.,На чужих свадьбах сидели с краю.,BLOCK$,—,warm
FB28,"Написать первым в чат, который затих?",20–24,Сцена,"Кто-то отвечает, кто-то нет",Отн +5,Чат остаётся тихим,—,Молодец!,Пусть молчит!,В затихший чат писали первым.,В затихший чат больше никто не писал.,,—,bitter
FB29,Пойти на встречу выпускников?,20–24,Кек,"Все изменились, кроме одного","Здр −7, Отн +5",Остался дома,—,Ностальгия!,Пропустим!,На встречу выпускников сходили один раз.,На встречи выпускников не ходили никогда.,ROND,—,absurd
FB30,Одолжить другу на первый взнос за квартиру?,20–24,Соблазн,"Друг въезжает, ты ждёшь","Дн −45, Отн +12",Отказал,Отн −12,Широкая душа!,Дружба дружбой!,Другу одолжили на квартиру и ждали возврата годами.,"Другу в долг не дали, и он это запомнил.",BLOCK$,—,risky
FB31,"Он говорит, что ему нужно побыть одному. Отпустить?","20–24, если шкала отношений открыта",Развилка,"Разрыв: партнёр уходит, шкала гаснет",—,Удержал — но отношения проваливаются в красную зону и начинают отсчёт,Отн → 38,Отпустил!,Держится!,"Первого человека отпустили, когда он попросил.","Первого человека удержали силой, и вышло только хуже.","ZONE, BREAK:Отн",—,risky
FB32,"Подписать бумаги, которые не читал?",20+,Соблазн,Деньги сразу; через ~5 лет чужой долг становится твоим,Дн +25,Читаешь всё до конца,—,Доверчивый!,Юрист!,"Подписали не читая, и через пять лет за это платили.","Бумаги читали до конца, всегда.",DELAY(5),DRAIN:Дн=-60 ONCE:5y,risky
FB33,Оформить на себя фирму знакомого за процент?,20+,Соблазн,Процент капает; через ~4 года фатальный финал (причина: чужая фирма),Дн +40,Отказался,—,Бизнесмен!,Чуйка!,—,Оформлять на себя чужое дело отказались.,"DELAY(4), FATAL",—,risky
FC16,Вернуться пожить к родителям — ненадолго?,"30–40, если FA11 = ДА и на счету минус",Сцена,Аренду платить не надо; своя комната снова детская,"Дн +30, Отн −5",Выкарабкиваешься сам,—,Дома всегда ждут!,Гордый!,"В тридцать вернулись пожить к родителям — ненадолго, конечно.","К родителям не вернулись, как бы туго ни было.",,—,bitter
FC17,Спать в обед в машине на парковке?,25–29,Сцена,"Двадцать минут, и жить можно",Эн +18,Обед как у людей,Эн −8,Хитрец!,Держится!,Обеды проводили во сне на парковке.,Обеденный сон считали позором.,,—,bitter
FC18,Кофе вместо завтрака каждый день?,25–29,Соблазн,"Бодро сейчас, дорого потом","Эн +8, Здр −15",Завтракаешь как человек,Здр +7,Топливо!,Каша!,Завтрак заменяли кофе много лет подряд.,"Завтракали всегда, даже когда некогда.",,—,risky
FC19,Отключить уведомления на все выходные?,25–29,Сцена,Тишина; один заказ ушёл к другому,"Эн +18, Дн −20",Всегда на связи,Эн −8,Свобода!,На связи!,Выходные проводили с выключенным телефоном.,Телефон не выключали никогда.,,—,warm
FC20,"Признаться, что не справляешься?",25–29,Сцена,Сказал вслух — стало легче,"Отн +12, Эн +8",Держишь лицо,"Эн −18, Здр −7",Честно!,Держим лицо!,"Однажды признались, что не справляются, и стало легче.","Держали лицо, пока держалось.",,—,bitter
FC21,"Взять больничный, когда не болен?",25–29,Кек,Три дня жизни и лёгкая вина,"Эн +18, Дн −25",Идёшь как есть,Эн −18,Симулянт!,Стойкий!,Больничные брали здоровыми и не считали это обманом.,Больничных не брали даже больными.,ROND,—,absurd
FC22,Одноклассник купил квартиру. Полистать его сторис до конца?,25–29,Соблазн,Долистал; настроения нет,"Эн −8, Здр −7",Закрыл сразу,—,Интересно?,Молодец!,Чужие сторис долистывали до конца и потом плохо спали.,Чужие успехи листать не стали.,ROND,—,bitter
FC23,"Написать тому, кто обошёл тебя, «поздравляю»?",25–29,Сцена,Написал; и правда полегчало,Отн +5,Промолчал,Эн −8,Красиво!,Обидно!,"Тем, кто обходил, писали «поздравляю» — и почти искренне.","Поздравлять тех, кто обошёл, не стали ни разу.",,—,bitter
FC24,"Начать делать то же, что у всех получается?",25–29,Соблазн,"Курс, оборудование, три недели энтузиазма","Дн −30, Эн −18",Занимаешься своим,—,В тренде!,Своё!,"Пробовали делать то же, что у всех, и бросили на третьей неделе.",Чужим путём идти не стали.,BLOCK$,—,risky
FC25,"Соврать про свою зарплату, когда спросили?",25–29,Кек,Назвал красивую цифру,Отн −5,Сказал как есть,"Отн +5, Здр −7",Красиво!,Честно!,Про свою зарплату всегда врали в большую сторону.,"Про деньги говорили как есть, даже когда стыдно.",ROND,—,absurd
FC26,"Удалить приложение, от которого хуже?",25–29,Сцена,Удалил; первые дни пусто,"Эн +18, Отн −5",Оставил,Эн −8,Свобода!,Ещё чуть-чуть!,"Приложение, от которого было хуже, однажды удалили.","Приложение, от которого было хуже, так и не удалили.",,—,warm
FC27,Спина заболела впервые. Идти к врачу?,25–29,Сцена,"Осмотр, упражнения, помогло","Дн −30, Здр +15",Пройдёт само,Здр −15,Разумно!,Пройдёт!,"Со спиной пошли к врачу сразу, и это спасло много лет.","Спину лечили тем, что ждали.",BLOCK$,—,warm
FC28,Похмелье теперь два дня. Продолжать как раньше?,25–29,Соблазн,Как раньше уже не выходит,"Здр −15, Отн +5",Сбавил обороты,"Здр +7, Отн −5",Молодость!,Взрослый!,"Пили как в двадцать, пока тело позволяло.",Сбавили обороты вовремя.,,—,risky
FC29,"Заказать очки, которые давно нужны?",25–29,Сцена,Мир снова резкий,"Дн −25, Здр +7",Щуришься дальше,Здр −7,Интеллигент!,И так вижу!,"Очки заказали, когда щуриться стало стыдно.","Очки не заказали, хотя пора было.",BLOCK$,—,warm
FC30,Первый седой волос — выдернуть?,25–29,Кек,Выдернул; на его месте вырастут трое,—,Пусть живёт,—,Борьба!,Мудрость!,"Первый седой волос выдернули, остальные уже не трогали.",Первый седой волос оставили в покое.,ROND,—,absurd
FC31,"Сдать анализы за свой счёт, просто так?",25–29,Сцена,Всё оказалось не так страшно,"Дн −30, Здр +15",Не знаешь — не болит,—,Молодец!,Не знаю — не болит!,"Анализы сдавали просто так, и однажды это пригодилось.","Анализов не сдавали, пока не прижало.",BLOCK$,—,warm
FC32,Отложить первую подушку безопасности?,25–29,Развилка,Сейчас туго; через ~10 лет вернётся вдвое,Дн −50,Живёшь как живётся,—,Хозяин!,Живём сейчас!,Первую подушку отложили в двадцать пять и однажды на ней выжили.,Подушки безопасности так и не собрали.,"BLOCK$, DELAY(10)",DRAIN:Дн=+100 ONCE:10y,
FC33,"Дать родителям денег, когда они не просили?",25–29,Сцена,Взяли не сразу,"Дн −40, Отн +12",В другой раз,Отн −5,Сын года!,Потом!,"Родителям давали денег раньше, чем те попросят.",Родителям денег не предлагали — они же не просили.,BLOCK$,—,warm
FC34,"Вложиться по совету друга, который «в теме»?",25–29,Соблазн,Рандом: друг был в теме или нет,Дн ±50,Своими деньгами рискуешь сам,—,Инсайд!,Своим умом!,"Вкладывались по совету друга, который был в теме.",Чужим советам про деньги не верили.,RANDOM_OUTCOME,—,risky
FC35,Начать вести таблицу расходов?,25–29,Кек,Две недели дисциплины и находка,"Эн −8, Дн +25",Считаешь в уме,—,Бухгалтер!,И так помню!,Таблицу расходов вели ровно две недели.,Расходы считали в уме и всегда ошибались.,ROND,—,absurd
FC36,"Отказаться от подписок, которыми не пользуешься?",25–29,Сцена,Отменил семь из девяти,Дн +20,Пусть висят,Дн −20,Экономия!,Пусть висят!,Подписки однажды пересчитали и половину отменили.,Подписки висели годами и списывались сами.,,—,absurd
FC37,Отпроситься с работы на утренник?,"30–39, если MD02=ДА",Сцена,Час на стуле в актовом зале,"Дн −25, Отн +12",Работа не ждёт,"Дн +20, Отн −12",Отец года!,Работа важнее!,"На утренники отпрашивались с работы, всегда.",Утренники пропускали — работа не ждала.,,—,warm
FC38,Садик или бабушка?,"30–39, если MD02=ДА",Развилка,"Садик: дорого, зато свобода","Дн −40, Эн +18","Бабушка: бесплатно, зато её правила","Отн −5, Эн +8",Социализация!,Бабушка знает!,Ребёнка отдали в садик и выдохнули.,Ребёнка растила бабушка по своим правилам.,BLOCK$,—,
FC39,Записать ребёнка на все кружки сразу?,"30–39, если MD02=ДА",Соблазн,"Пять кружков, вечная развозка","Дн −50, Эн −18","Один кружок, и хватит",—,Развитие!,Пусть гуляет!,Ребёнка записали на всё сразу и возили пять лет.,"Кружков было ровно столько, сколько выдерживали.",BLOCK$,—,absurd
FC40,"Наорать, когда закончилось терпение?","30–39, если MD02=ДА",Сцена,Наорал; стало тихо и стыдно,"Отн −12, Эн +8",Сдержался; вышло дороже,"Эн −18, Отн +5",Ой.,Железный!,"Однажды наорали так, что до сих пор помнят оба.","На ребёнка не орали ни разу, и это стоило сил.",,—,bitter
FC41,"«Папа, смотри!» посреди рабочего звонка — посмотреть?","30–39, если MD02=ДА",Сцена,Посмотрел; звонок подождал,"Отн +12, Дн −20","Потом, я работаю",Отн −12,Смотрим!,Потом-потом!,"Смотрели, когда звали, даже посреди работы.","На «папа, смотри» отвечали «потом» и однажды перестали слышать.",,—,warm
FC42,Начальник теперь младше тебя. Остаться?,30–39,Развилка,"Остаёшься, зарплата та же",Эн −8,Уходишь в никуда,Эн +18,Смирение!,Гордость!,"Работали под начальником, который был младше.","Ушли, когда начальник оказался младше.",,НЕТ:MULT:Дн=x0.8,bitter
FC43,Переучиться на новое в тридцать пять?,30–39,Развилка,"Курс, полгода вечеров; через ~3 года доход ×1.4","Дн −50, Эн −18",Остаёшься в своём,—,Не поздно!,Поздно!,В тридцать пять переучились и начали заново.,Переучиваться не стали — было поздно.,"BLOCK$, DELAY(3)",MULT:Дн=x1.4 FROM:38,
FC44,"Пойти на собеседование, где ты самый старший?",30–39,Сцена,Рандом: оценили опыт или возраст,"Дн ±30, Здр −7",Не пошёл,—,Смело!,Понятно!,"Ходили на собеседования, где были самыми старшими.",На собеседования больше не ходили.,RANDOM_OUTCOME,—,risky
FC45,"Сократили. Согласиться на первое, что предложили?",30–39,Развилка,"Работа сразу, но хуже",Дн +25,Ждёшь нормального,Эн −18,Синица!,Журавль!,"После сокращения согласились на первое, что дали.",После сокращения ждали своего и дождались.,,MULT:Дн=x0.7,bitter
FC46,"Работать с теми, кто младше и быстрее?",30–39,Сцена,"Тянешься, устаёшь, держишься","Эн −18, Дн +25",Идёшь своим темпом,"Эн +8, Дн −20",Держим темп!,Свой темп!,"Тянулись за теми, кто младше, и почти успевали.",Работали в своём темпе и никуда не спешили.,,—,bitter
FC47,Мама путает даты. Отвезти к врачу?,32–39,Сцена,"Записал, отвёз, узнал раньше","Дн −40, Эн −8, Отн +12",Просто устала,Отн −12,Вовремя!,Само пройдёт!,"Маму отвезли к врачу, когда она только начала путать даты.",Первые звоночки у мамы списали на усталость.,BLOCK$,—,warm
FC48,Перевезти родителей к себе?,33–39,Развилка,"Тесно, шумно, вместе","Дн −30, Эн −18, Отн −12",Пусть живут как жили,Отн −5,Семья!,Каждому своё!,"Родителей перевезли к себе, и стало тесно всем.",Родители жили отдельно до последнего.,BLOCK$,—,bitter
FC49,Оплатить родителям операцию?,33–39,Сцена,Все накопления уходят разом,"Дн −100, Отн +12",Нечем или не стал,"Отн −12, Здр −7",Сын!,Ох.,"Операцию родителям оплатили, отдав всё, что было.",Операцию родителям оплатить не смогли.,BLOCK$,—,
FC50,"Разобрать родительскую квартиру, пока они живы?",35–39,Сцена,"Три дня, коробки, разговоры","Эн −8, Отн +5",Потом как-нибудь,—,Разумно!,Успеется!,"Родительскую квартиру разбирали вместе с ними, и это оказалось важно.",Родительскую квартиру разбирали уже без них.,,—,bitter
FC51,"Записать, как отец рассказывает про своё детство?",33–39,Сцена,"Два часа диктофона, которые останутся","Эн −8, Отн +12",В другой раз,Отн −5,Летописец!,Успеется!,"Отца записали на диктофон, и эти два часа потом слушали много раз.",Записать отца всё собирались и не успели.,,—,warm
FC52,Пойти в зал в тридцать пять?,33–39,Хобби,"Абонемент, три раза в неделю, полгода","Дн −40, Здр +15, Эн −8",Диван знает тебя,Здр −7,Атлет!,Диван!,"В тридцать пять пошли в зал и ходили дольше, чем ожидали.",В зал так и не пошли.,BLOCK$,—,warm
FC53,Бросить курить?,30–39,Развилка,"Три недели ада, потом легче","Здр +30, Эн −18",Куришь дальше,Здр −15,Герой!,Ну-ну.,"Курить бросили, и это добавило лет.",Курить так и не бросили.,,—,
FC54,Бессонница третий месяц. Идти к врачу?,33–39,Сцена,"Разобрались, сон вернулся","Дн −30, Эн +18",Терпишь,"Эн −18, Здр −7",Разумно!,Потерпим!,С бессонницей пошли к врачу и снова стали спать.,Бессонницу терпели годами.,BLOCK$,—,warm
FC55,Пройти полную диспансеризацию?,35–39,Сцена,"Целый день, зато всё известно","Дн −50, Здр +15",Не знаешь — не болит,—,Молодец!,Не хочу знать!,"Диспансеризацию проходили целиком, не выбирая.",Полностью обследоваться так и не собрались.,BLOCK$,—,warm
FC56,«Вам надо беречься». Начать беречься?,35–39,Развилка,"Меньше всего, зато дольше","Здр +15, Эн +8, Отн −5",Живёшь как жил,Здр −15,Мудро!,Живём!,"Беречься начали, когда сказали, и это сработало.",Беречься не стали — жили как жили.,,—,
LT09,Дом во дворе ещё стоит. Раскопать клад?,"70+, если CH16 = ДА",Событие,"В банке записка: «Привет. Ты уже взрослый? Надеюсь, ты не скучный.»",—,Нет последствий (банка остаётся в земле),—,"Ну-ка, ну-ка!",Пусть лежит!,На старости раскопали свою детскую записку — и долго потом молчали.,Банку во дворе так и не откопали.,TIMELINE,—,bitter
LT10,Сидеть с внуками каждые выходные?,"58–75, если MD02=ДА",Сцена,"Каждую субботу, без выходных","Эн −18, Отн +12","Раз в месяц, и хватит","Эн +8, Отн −12",Бабушка года!,Свои выходные!,"С внуками сидели каждые выходные, пока были силы.",С внуками виделись по праздникам.,,—,warm
LT11,"Дать детям на квартиру всё, что осталось?","58–75, если MD02=ДА",Развилка,Отдал всё; себе не осталось,"Дн −120, Отн +12",Оставил себе на старость,Отн −5,Щедрость!,Себе тоже надо!,"Всё, что скопили, отдали детям на квартиру.",Накопленное оставили себе — на старость.,BLOCK$,—,
LT12,"Не лезть с советами, даже когда всё очевидно?","58–80, если MD02=ДА",Развилка,"Молчишь и смотришь, как они сами","Отн +12, Эн −8",Говоришь как надо жить,Отн −12,Мудрость!,Учим жить!,"Советов не давали, даже когда очень хотелось.",Учили детей жить до самого конца.,,—,bitter
LT13,Переписать квартиру на детей сейчас?,"65–85, если MD02=ДА",Развилка,"Бумаги оформлены, вопрос закрыт",Отн +5,Пусть будет как будет,—,Практично!,Потом!,"Квартиру переписали заранее, чтобы потом не делили.","Квартиру не переписали, и потом делили.",,—,
LT14,"Сказать взрослому ребёнку, что гордишься им?","58–90, если MD02=ДА",Сцена,Сказал вслух; оба неловко молчали,Отн +12,Он и так знает,Отн −5,Наконец-то!,И так знает!,"Своему ребёнку однажды сказали вслух, что гордятся.","Что гордились, вслух так и не сказали.",,—,warm
LT15,Купить слуховой аппарат?,65–90,Сцена,"Снова слышишь, что говорят за столом","Дн −40, Отн +12",Переспрашиваешь и киваешь,Отн −12,Слышим!,Что-что?,Слуховой аппарат купили и снова слышали внуков.,"Слуховой аппарат покупать не стали, просто кивали.",BLOCK$,—,warm
LT16,Отдать ключи от машины?,70–90,Развилка,Больше не за рулём; зато все целы,"Эн −8, Здр +15",Ездишь дальше,Здр −15,Мудро!,Ещё поводим!,"Ключи от машины отдали сами, не дожидаясь беды.",За руль садились до последнего.,,—,
LT17,"Взять палочку, за которую стыдно?",68–90,Развилка,"Ходишь медленнее, но не падаешь","Здр +15, Эн +8",Ходишь без,Здр −15,Разумно!,Мы ещё бодры!,Палочку взяли вовремя и ни разу не упали.,Палочку не брали — и однажды упали.,,—,
LT18,Зарядка в семь утра каждый день?,58–85,Хобби,"Пятнадцать минут, каждый день, годами","Здр +15, Эн −8",Спишь дольше,—,Дисциплина!,Поспим!,"Зарядку делали каждое утро в семь, годами.",Зарядку не делали ни разу.,,—,warm
LT19,«Это просто возраст». Согласиться и не проверяться?,60–90,Соблазн,Не проверяешься; оно растёт само,Здр −30,Идёшь проверяться,"Дн −30, Здр +15",Ну-ну.,Молодец!,Всё списывали на возраст и не проверялись.,На возраст не списывали — проверялись.,,—,risky
LT20,Ещё один друг ушёл. Поехать на похороны через полстраны?,65–95,Сцена,"Поезд, зал, старые лица","Дн −40, Эн −18, Отн +5",Позвонил и не поехал,Отн −12,Проводили!,Далеко!,"На похороны друзей ездили через полстраны, пока могли.",На похороны друзей уже не ездили.,BLOCK$,—,bitter
LT21,"Научиться видеозвонкам, чтобы видеть внуков?",62–85,Сцена,"Два вечера с инструкцией, потом получилось","Эн −8, Отн +12",Хватит и телефона,Отн −12,Технологии!,По телефону!,"Видеозвонкам научились специально, чтобы видеть внуков.",Видеозвонками так и не овладели.,,—,warm
LT22,Завести собаку в семьдесят?,68–85,Развилка,Гулять надо в любую погоду — и это спасает,"Дн −40, Эн −8, Отн +12, Здр +7",Слишком поздно заводить,—,Компания!,Поздно!,"В семьдесят завели собаку, и она вытащила гулять каждый день.",Собаку в старости заводить не стали.,BLOCK$,—,warm
LT23,Разговаривать с кассиршей просто чтобы поговорить?,70–100,Кек,"Очередь ждёт, вам хорошо",Отн +5,Молча платишь и уходишь,—,Общение!,Быстро!,"С кассиршами разговаривали дольше, чем нужно.",В магазине не разговаривали ни с кем.,ROND,—,bitter
LT24,"Пойти в клуб для пожилых, где все чужие?",62–85,Сцена,"Первый раз ужасно, потом ничего","Дн −20, Отн +12, Эн −8",Дома спокойнее,Отн −5,Молодец!,Дома лучше!,В клуб для пожилых всё-таки пошли и там прижились.,В клуб для пожилых так и не пошли.,BLOCK$,—,warm
LT25,Написать завещание по-настоящему?,70–95,Сцена,"Нотариус, список, подпись","Дн −25, Эн +8",Пусть сами разберутся,—,Порядок!,Разберутся!,Завещание написали и всё расписали до мелочей.,Завещания не оставили — разбирались сами.,BLOCK$,—,
LT26,"Разобрать все фотографии и подписать, кто на них?",68–95,Сцена,"Три недели, коробки, имена на обороте",Эн −18,Пусть лежат как лежат,—,Летописец!,Пусть лежат!,Все фотографии подписали — кто на них и в каком году.,"Фотографии остались лежать неподписанными, и потом никто не узнал лиц.",,—,bitter
LT27,"Отдать свои вещи, пока сам можешь выбрать кому?",72–95,Сцена,"Каждому своё, при жизни, из рук в руки","Отн +12, Эн −8",Потом сами поделят,—,Мудро!,Успеется!,Свои вещи раздали сами и каждому объяснили почему.,Вещи делили уже без них.,,—,warm
LT28,"Рассказать внуку то, что не рассказывал никому?",70–100,Сцена,"Один вечер, который он запомнит навсегда","Отн +12, Эн −8",Унести с собой,—,История!,Наше дело!,"Внуку рассказали то, что не рассказывали никому.",Своё главное унесли с собой.,,—,bitter
LT29,"Посадить дерево, под которым не посидишь?",65–95,Сцена,"Яма, саженец, лейка","Дн −20, Эн −8","Зачем, если не увидишь",—,Для потомков!,Не увижу!,"Посадили дерево, под которым сами уже не посидели.",Дерева не посадили — какой смысл.,BLOCK$,—,warm
MD08,"Сыграть свадьбу на все деньги, как у людей?","28–32, до MD01, если Отн открыта",Соблазн,"Зал, тамада, сто человек","Дн −80, Отн +12",Расписались вдвоём и пошли есть пиццу,Отн −5,Как у людей!,Скромно!,"Свадьбу сыграли на все деньги, и её до сих пор вспоминают.",Расписались вдвоём и в тот же день ели пиццу.,BLOCK$,—,risky
MD09,Подписать брачный договор?,"28–32, до MD01, если Отн открыта",Развилка,Бумаги подписаны; при разводе деньги целы,Отн −12,Верим на слово,—,Практично!,На доверии!,"Брачный договор подписали, и это долго припоминали.",Брачного договора не подписывали — верили на слово.,PRENUP,—,risky
MD10,"Позвать на свадьбу отца, с которым не говоришь?","28–32, если Отн открыта",Сцена,Пришёл; разговор так и не случился,"Отн +5, Здр −7",Не позвал,Отн −5,Семья!,Без него!,"Отца на свадьбу позвали, хотя и не разговаривали.",Отца на свадьбу не позвали.,,—,bitter
MD11,Взять его фамилию?,"свадьба +0, если в браке",Сцена,Документы меняются полгода,Отн +5,Осталась своя,—,Единство!,Своя!,Фамилию сменили и полгода меняли документы.,Фамилию оставили свою.,ROND,—,warm
MD12,Первая годовщина — отмечать или забыть?,"свадьба +1, если в браке",Сцена,"Ресторан, цветы, вспомнили оба","Дн −25, Отн +12",Вспомнили через неделю,Отн −12,Романтика!,Забыли!,"Первую годовщину отметили, и обоим было приятно.",Про первую годовщину вспомнили через неделю.,BLOCK$,—,warm
MD13,Решить твёрдо: детей не будет?,"свадьба +2, вместо/до MD02",Развилка,Шкала ребёнка не откроется никогда; денег остаётся заметно больше,Отн −5,Вопрос остаётся открытым,—,Решено!,Посмотрим!,"Решили твёрдо, что детей не будет, и не передумали.",Вопрос о детях так и оставили открытым.,"TIMELINE, EXCL:реб",MULT:Дн=x1.3,
MD14,Родственники за столом: «а когда детей?» Ответить честно?,28–40,Сцена,Стол замолкает; зато больше не спрашивают,"Отн +5, Здр −7",Отшутился в двадцатый раз,—,Прямота!,Шутник!,"Родне однажды ответили честно, и спрашивать перестали.",На вопрос о детях отшучивались двадцать лет подряд.,,—,bitter
MD15,Друзья зовут в гости со своими тремя. Идти?,30–40,Сцена,"Шумно, липко, четыре часа","Здр −7, Отн +5",Остались дома вдвоём,Отн −5,Крёстный!,Тишина!,В гостях у друзей с детьми бывали и уходили вымотанными.,В гости к друзьям с детьми ездить перестали.,,—,warm
MD16,Взять на выходные племянника — потренироваться?,25–35,Сцена,"Двое суток, и всё стало понятно","Эн −18, Отн +5",Выходные свои,—,Репетиция!,Не сегодня!,Племянника брали на выходные и всё про себя поняли.,Чужих детей на выходные не брали.,,—,absurd
MD17,Записаться на танцы в сорок пять?,43–52,Хобби,"Абонемент, неловкость, потом весело","Дн −30, Эн +18, Здр +7",Танцуешь на кухне,—,Огонь!,На кухне!,В сорок пять пошли танцевать и не бросили.,Танцевать так и не пошли.,BLOCK$,—,warm
MD18,"Купить мотоцикл всерьёз, не сгоряча?",43–52,Соблазн,"Шлем, курсы, гараж","Дн −80, Эн +18, Отн −12",Смотришь видео о мотоциклах,—,Байкер!,Смотрим!,Мотоцикл купили в сорок пять и катались до шестидесяти.,Мотоцикл так и остался в закладках.,BLOCK$,—,risky
MD19,"Красная куртка, над которой смеются дети?",42–55,Кек,"Куртка куплена, дети в ужасе","Дн −25, Эн +8, Отн −5",Носишь что положено,—,Ярко!,Прилично!,"Носили красную куртку, над которой смеялись собственные дети.",Одевались как положено в этом возрасте.,"BLOCK$, ROND",—,absurd
MD20,Начать выкладывать себя в сорок пять?,43–55,Хобби,"Камера, свет, три подписчика",Эн −8,Не позоришься,—,Блогер!,Разумно!,"В сорок пять завели канал, где было три подписчика.",Себя в интернет не выкладывали.,ROND,—,absurd
MD21,Учить гитару с нуля?,42–55,Хобби,"Гитара, мозоли, три аккорда","Дн −25, Эн +8",Слушаешь чужую,—,Маэстро!,Слушаем!,Гитару выучили на три аккорда и играли их всю оставшуюся жизнь.,Гитару так и не взяли в руки.,BLOCK$,—,warm
MD22,Спим в разных комнатах. Сказать об этом вслух?,"40–55, если MD01=ДА и в браке",Сцена,"Разговор тяжёлый, но случился",Отн +12,Так и молчите,Отн −12,Честно!,Молчим!,Про разные комнаты однажды заговорили вслух.,Про разные комнаты не говорили никогда.,,—,bitter
MD23,Пойти к семейному терапевту?,"40–55, если MD01=ДА и в браке",Сцена,"Десять сеансов, что-то сдвинулось","Дн −50, Отн +12",Сами разберёмся,Отн −12,Взрослые!,Сами!,К семейному терапевту всё-таки сходили.,К терапевту не пошли — сами разберёмся.,BLOCK$,—,warm
MD24,Потерпеть ради ребёнка?,"40–55, если MD01=ДА и в браке",Развилка,Остаётесь вместе; отношения на грани,"Отн → 42, Эн −18",Развод,—,Ради семьи!,Свобода!,"Ради ребёнка терпели, и он всё равно всё понял.","Развелись, не дожидаясь, пока станет хуже.","ZONE, НЕТ:BREAK:Отн",—,bitter
MD25,Уехать в отпуск порознь?,"40–55, если MD01=ДА и в браке",Сцена,Две недели тишины каждому,"Эн +18, Отн −12","Едете вместе, как всегда","Отн +5, Эн −8",Отдых!,Вместе!,"Отпуска стали проводить порознь, и обоим полегчало.",Отпуска всегда проводили вдвоём.,,—,bitter
MD26,Молчание за ужином стало нормой. Начать разговор?,"40–55, если MD01=ДА и в браке",Сцена,"Неловко минуту, потом легче","Отн +12, Эн −8",Доедаете молча,Отн −12,Смелый!,Приятного!,Молчание за ужином однажды прервали.,Ужинали молча последние лет двадцать.,,—,bitter
MD27,Нашёл в ящике список мечт двадцатилетнего. Прочитать?,42–55,Сцена,"Прочитал весь, до последнего пункта",Эн −18,Убрал обратно не разворачивая,—,Ностальгия!,И правильно!,Список своих двадцатилетних мечт однажды перечитали целиком.,"Список старых мечт убрали обратно, не читая.",,—,bitter
MD28,"Написать той самой — просто спросить, как дела?",42–55,Соблазн,Написал; ответили вежливо,"Отн −12, Эн +8",Не написал,—,Ох!,Мудро!,Той самой однажды написали и получили вежливый ответ.,Той самой так и не написали.,,—,risky
MD29,"Сходить на свою первую работу — посмотреть, что там теперь?",45–55,Кек,Там всё другое и никто не помнит,Эн −8,Не пошёл,—,Экскурсия!,Зачем?,Сходили на свою первую работу — там уже никто не помнил.,На старую работу возвращаться не стали.,ROND,—,bitter
MD30,Написать завещание в сорок пять?,45–55,Сцена,"Нотариус, час, странное чувство","Дн −25, Эн +8",Рано ещё,—,Практично!,Рано!,"Завещание написали задолго до того, как понадобилось.",Завещания не оставили.,BLOCK$,—,
MD31,"Признаться себе, что та мечта не сбудется?",45–55,Развилка,Сказал вслух — и стало легче дышать,"Эн +18, Здр +7",Продолжаешь верить,Эн −18,Взрослый!,Верим!,"Однажды признались себе, что не сбудется, и стало легче.",Верили в ту мечту до самого конца.,,—,bitter
MD32,Первый настоящий диагноз. Лечиться серьёзно?,45–55,Развилка,"Долго, дорого, помогает","Дн −80, Здр +30",Живёшь как жил,Здр −30,Правильно!,Ох.,Первый серьёзный диагноз лечили всерьёз и выиграли годы.,Первый серьёзный диагноз проигнорировали.,BLOCK$,—,
MD33,Отказаться от алкоголя совсем?,42–55,Развилка,"Трезвые вечера, скучные компании","Здр +15, Отн −5",Всё как всегда,Здр −15,Сила воли!,За здоровье!,"От алкоголя отказались совсем, и компании поредели.",От алкоголя не отказывались никогда.,,—,
MD34,Таблетки каждый день до конца жизни. Начать?,45–55,Развилка,"Каждое утро, всю жизнь, небольшие деньги",Здр +15,Обойдусь,Здр −15,Дисциплина!,Обойдусь!,Таблетки пили каждое утро до самого конца.,Таблетки принимать отказались.,,DRAIN:Дн=-0.05/s DUR:40y,
MD35,"Проверяться раз в год, даже когда ничего не болит?",42–55,Сцена,Час в год и спокойствие,"Дн −30, Здр +15","Когда заболит, тогда и пойду",—,Умница!,Заболит — пойду!,"Проверялись раз в год, даже когда ничего не болело.",К врачу ходили только когда прижмёт.,BLOCK$,—,warm
MD36,"Сменить работу ради здоровья, потеряв в деньгах?",45–55,Развилка,"Спокойнее, беднее, дольше","Здр +15, Эн +18",Держишься за место,Здр −7,Мудро!,Держимся!,Работу сменили ради здоровья и не пожалели.,"Работу не сменили, хотя врач советовал.",,MULT:Дн=x0.7,
